,Solver,Accuracy,Precision,Recall,F1_Score,ROC_AUC,Time,Data
0,lbfgs,0.7209302325581396,0.75,0.75,0.75,0.7171052631578947,1.98811489995569,Scaled
1,liblinear,0.6744186046511631,0.6923076923076924,0.75,0.7199999999999999,0.6644736842105263,0.8362936999183148,Scaled
2,newton-cg,0.7209302325581396,0.75,0.75,0.75,0.7171052631578947,2.2121323000174016,Scaled
